,Title
0,the alchemist
1,a mission to millions; the story of ernie allen and the every home crusade
2,unbroken
3,blue like jazz: nonreligious thoughts on christian spirituality
4,eclipse
5,redeeming love
6,a walk in the woods
7,the tipping point: how little things can make a big difference (wheeler compass)
8,"travel light, eat heavy along the appalachian trail and other mystical routes"
9,henrietta
10,jesus;: a new biography
11,atlas shrugged (2-volume set)
12,la otra historia de los estados unidos (spanish edition)
13,a people's history of the united states: 1492 to present
14,blink: the power of thinking without thinking
15,watchmen
16,a new age now begins: 1 and 2 a people's history of the american revolution (people's history of the usa)
17,a history of the united states
18,the watchmen
19,"checkerboard nightmare vol 1: i thought of it first (checkerboard nightmare series, 1)"
20,the last voyage of the lusitania: a true tale of disaster at sea (popular giant)
21,cynthia clarke's 60 smoothie sensations (recreate at home series)
22,the habit of living
23,left behind - a novel of the earth's last days
24,on fire.
25,be a better reader
26,what if?
27,the founder's dilemma. (managing growing companies) (entreprising ceo): an article from: chief executive (u.s.)
28,eragon
29,los diarios de nanny = the nanny diaries (spanish edition)
30,nanny diaries
31,red tent
32,the red tent (bestselling backlist)
33,john adams
34,adams & victor's manual of neurology
35,keith richards: the biography
36,me talk pretty one day
37,the cat in the hat
38,zen and the art of motorcycle maintenance
39,zen and the art of motorcycle maintenance : an inquiry into values
40,zen and the art of motorcycle maintenance : an inquiry into values
41,me talk pretty one day c
42,zen and the art of motorcycle maintenance
43,charlotte's web
44,the secret books
45,1st to die: a novel
46,how writers write
47,wild
48,wild & scenic kansas 2006 calendar
49,wild & scenic missouri 2006 calendar
50,the nightingale
51,the stand. the complete and uncut edition
52,doctor zhivago (penguin longman reader bk/tape)
53,the bourne identity
54,the girls
55,codice da vinci ( italian edition of the da vinci code )
56,the carey girl
57,the no. 1 ladies' detective agency
58,ella va a tener un bebe: y yo un ataque de nervios! (spanish edition)
59,la sexta isla (la llave de cristal) (spanish edition)
60,los chistes favoritos de los nios ocho (spanish edition)
61,wonder
62,si te dicen que cai (biblioteca breve ; 398 : novela) (spanish edition)
63,the book of wonder
64,the adventures of huckleberry finn (courage literary classics)
65,the adventures of tom sawyer (courage literary classics)
66,"rich dad, poor dad"
67,the autobiography of malcolm x
68,playboy (july 1991 tall girls /spike lee interview)
69,the hiding place
70,no greater love (walker large print books)
71,to capture the wind 1st edition signed
72,the undomestic goddess
73,travels with charley
74,travels with charlie
75,travels with charley
76,holidays on ice
77,"travels with charley, in search of america"
78,anne frank
79,the diary of a young girl
80,the diary of a young girl
81,the devil wears prada
82,where's my cheese?
83,i know why the caged bird sings
84,cagebird
85,i know why the caged bird sings
86,a walk to remember
87,1 for the money
88,one for the money
89,who moved my cheese? an-amazing way to deal with change in your work and in your life
90,the cheese book
91,the catcher in the rye
92,tuscan & andalusian reflections
93,shiver: a novel
94,mr. beddle had a lamb.(short story): an article from: jack & jill
95,the silence of the lambs
96,"a feast for crows (a song of ice and fire, book four)"
97,the hitchhiker's guide to the galaxy: quintessential phase
98,the widow
99,brave new world; (harper's modern classics)
100,bridget jones's diary
101,gone with the wind (the margaret mitchell anniversary edition)
102,gone with the wind
103,adultery & other choices
104,adultery
105,shopaholic & sister
106,shopaholic & baby
107,of mice & men
108,girl with a pearl earring
109,north (faber paperbacks)
110,pilgrimage: the book of the people; the weird and fantastic earth adventures of beings from a far planet
111,lord of the flies
112,lord of the flies
113,remember me
114,remember me
115,it's a jungle out there : 163 business and life lessons from the animal kingdom
116,the hanuman type (mick pierce spy thrillers)
117,young tiger - the sensual story of paul cook- and the three women...
118,faithful elephants (turtleback school & library binding edition)
119,penguin readers level 6: misery (penguin longman reader level 6)
120,you are my sister
121,heir to the throne
122,brave new world
123,"brave new world,: a novel"
124,the world lived within me
125,legends & legacies: celebrating a century of minnesota coaches
126,legends & lairs: mythic races - character race compendium
127,the champion
128,the legend
129,"2176: birth of the belt republic (belt republic, book 1)"
130,legend
131,legends & lairs: portals & planes (d20 fantasy roleplaying supplement)
132,legends & lore of southern illinois
133,"candide;: or, optimism"
134,candide
135,the story of philosophy from plato to voltaire and the french enlightenment (volume1)
136,the murder of roger ackroyd
137,sidekicks volume 1: the transfer student
138,the long way home
139,siddhartha
140,jane eyre (new windmill)
141,jane eyre (signet classics)
142,down there by the train: a novel
143,dictionary of literary terms/coles notes
144,the hobbit or there and back again
145,the hobbit
146,a year in provence (ulverscroft large print series)
147,the hound of the baskervilles (signet classics)
148,the picture of dorian gray (penguin classics)
149,ciudad de huesos / city of bones (spanish edition)
150,city of bones
151,the picture of dorian gray
152,thief
153,the 5th wave
154,fellowship of the ring 2nd edition
155,from sorrow comes joy
156,the prophet
157,poetry of pain
158,the lost continent
159,sense and sensibility
160,sense and sensibility
161,outlander
162,the odyssey (puffin classics)
163,paradise lost
164,cuando el monstruo despierta (spanish edition)
165,darkfever (fever series)
166,george & rue
167,one fucking move/book and record
168,neither here nor there
169,to kill a mockingbird
170,to kill a mockingbird
171,french kiss
172,fahrenheit 451 (cascades s.)
173,and then there were none
174,the trojan war: the iliad
175,bridget jones: the edge of reason
176,a grand design
177,the rise and fall on the third reich
178,haunted earth 1st edition
179,motley crue
180,hawk & fisher
181,world without end
182,the signature of all things
183,moloka'i
184,"life, the universe and everything"
185,"life, the universe and everything"
186,biblical classics library: the king of the earth/in the arena of faith/the triumph of the crucified/the dawn of world redemption/and from eternity t
187,benjamin bunny (beatrix potter doorknob board book)
188,nancy drew: twelve classic covers from america's favorite teenage sleuth (magnetic postcards)
189,"barbie: four decades of fashion, fantasy and fun (leather bound)"
190,hole in the sky! a story out of the past sneaked into the present to claim the future!
191,"sweet promised land : a true story, luminous and tender, of the author's father and the journey of discovery he made to his native basque village."
192,"immortal game (first quest books quest triad , no 3) (pt. 3)"
193,inferno (modern library classics)
194,franklin's autobiography
195,autobiography of benjamin franklin
196,firestarter (signet book ser.)
197,by recommendation only
198,jurassic park
199,the hunter and the hunted (mike redden)
200,memoirs of a geisha (signed)
201,the pilgrim's progress
202,pilgrim's progress
203,the pilgrim's progress from this world to that which is to come (dover thrift editions)
204,memorie di una geisha / memoires of a geisha
205,the stephen king collection: stories from night shift
206,"the stephen king value collection: lawnmower man, gray matter, and graveyard shift (value collections)"
207,night shift (signet)
208,harry potter and the sorcerer's stone movie poster book
209,november
210,slaughter-house five (first paperback edition)
211,slaughterhouse-five : or the children's crusade
212,slaughter-house five
213,"slaughterhouse-five: or, the children's crusade : a duty-dance with death"
214,slaughterhouse-five
215,then came you
216,dresses: for your wedding (for your wedding series)
217,rise of theodore roosevelt
218,theodore roosevelt: a biography (the library of the presidents)
219,the perfect play
220,flow: the psychology of optimal experience.
221,the sandman. the doll's house
222,secrets & success: compact disc replication
223,exposed (postcard books)
224,secrets & lies: my journey to enlightenment
225,downtown (thorndike core)
226,"howl, and other poems (the pocket poets series, no. 4)"
227,"howl, and other poems (the pocket poets series)"
228,the argonauts
229,the best short stories of edgar allan poe
230,complete stories and poems of edgar allan poe
231,young reader's basketball stories
232,queen of charts
233,thus spoke zarathustra: a book for everyone and no one (penguin classics)
234,"thus spake zarathustra, (the modern library of the world's best books)"
235,thus spake zarathustra: a book for all and none
236,thus spake zarathustra (the modern library of the world's best books)
237,thus spoke zarathustra
238,sins of the father
239,frankenstein (running press classics)
240,please kill me: the uncensored oral history of punk
241,blind side
242,pride
243,"road & track, june 2007 issue"
244,on the road
245,road & track jaguar xj-s * xk8 * xkr portfolio 1975-2003
246,road & track corvette portfolio 1997-2002 (road & track series)
247,road & track dodge viper portfolio 1992-2002 (road & track series)
248,dark matter
249,why not: start living your life today
250,how to stop worrying and start living
251,gone
252,the time machine (a stepping stone book(tm))
253,the all new all purpose: joy of cooking
254,treasure island
255,plato's republic
256,the republic (penguin classics)
257,teasure island
258,"plato's republic, books one & two"
259,"the fabric of the cosmos: space, time, and the texture of reality"
260,"ouran high school host club, vol. 1"
261,the dotcom chef: incredible recipes using incredible ingredients delivered to your door by online food artisans
262,republic (oxford world's classics)
263,circus!
264,"host, the"
265,the giver
266,the lord of the rings (3 volume set)
267,the bible for everyday life
268,grunt
269,signature classics - great expectations (signature classics series)
270,the lost years
271,the old patagonian express: by train through the americas (penguin audiobooks)
272,outcast
273,how to cook everything: simple recipes for great food
274,a distant mirror the calamitous 14th century
275,george orwell 1984
276,azules contra grises (coleccion barco de vapor: roja) (spanish edition)
277,perder es cuestion de metodo (coleccion la otra orilla) (spanish edition)
278,adolescente: la clave para ser libre y feliz (teenager: the key for freedom and happiness) (spanish edition)
279,george orwell (life and works)
280,"the voice at the back door (cardinal edition, c-272)"
281,el cielo dividido (coleccion narrativas argentinas) (spanish edition)
282,de los delitos y de las penas (obras maestras del pensamiento) (spanish edition)
283,the histories (oxford world's classics)
284,gods & tulips
285,the navajo (new true books)
286,indian time: a novel
287,a book of witches
288,the shadow of the wind bestseller's choice audio
289,a shadow in the wild
290,america en bicicleta: del plata a la habana (linea de sombra) (spanish edition)
291,the shadow
292,the cloud atlas
293,herodotus book i
294,the history of herodotus
295,the histories of herodotus
296,the histories of herodotus
297,"1,000 places to see before you die: a traveler's life list"
298,stiletto
299,stiletto
300,2006 buff gondoliers wall calendar
301,never let me go (a regency romance)
302,2005 novel & short story writer's market
303,the tale of peter rabbit
304,the tale of beatrix potter
305,"dr. rabbit, (penguin services)"
306,half magic
307,how to cook everything : vegetarian cooking
308,bible story book
309,cup of tea
310,shipwreck
311,the tribe
312,dog stories
313,"uglies (uglies trilogy, book 1)"
314,the passage
315,esperanza rising
316,where am i hiding? / donde me escondo? (un buen comienzo)
317,"lion, the witch, and the wardrobe"
318,"lion, the witch and the wardrobe"
319,"the lion, the witch and the wardrobe (chronicles of narnia, 1)"
320,"the lion, the witch and the wardrobe"
321,"the lion, the witch and the wardrobe read-aloud edition (narnia)"
322,"angels, demons & gods of the new millennium"
323,bro
324,five star expressions - witch angel
325,the interpretation of dreams
326,snow crash
327,dracula (g. k. hall (large print))
328,"the power, passion & pain of black love"
329,"moosewood cookbook: recipes from moosewood restaurant, ithaca, ny"
330,middlesex [unabridged audiobook]
331,gene hunter: the story of neuropsychologist nancy wexler (women's adventures in science (children's press))
332,the story of art
333,the assistants: a novel
334,you forever
335,love you forever
336,you are forever
337,you -- forever
338,forever
339,forever
340,angela's ashes (turtleback school & library binding edition)
341,persuasion
342,persuasion & influence in american life
343,delirium
344,catch 22
345,catch
346,catch 22 (catch-22)
347,the adventures of chip and marty in mr. sandman's class: -cahokia -
348,the jungle book
349,the jungle book : the classic tale
350,the jungle book
351,favorite mowgli stories from the jungle book
352,the jungle book.
353,jungle book (classic library)
354,the jungle
355,the jungle book & just so stories (2 vols. the folio society)
356,shadow rider
357,super snappy abc: pop up fun (this is a line extension of the bestselling snappy books)
358,donkeys still talk: hearing god's voice when you're not listening (th1nk lifechange)
359,life after life
360,oryx and crake
361,the notebooks
362,loose ends
363,night & fear: a centenary collection of stories by cornell woolrich
364,the collected poems of w.b. yeats
365,outsiders
366,cliffsnotes on hinton's the outsiders
367,the outsiders (sparknotes literature guide)
368,w.b. yeats
369,the other boleyn girl
370,the lone wolves
371,the poisonwood bible
372,defeating evildoers is our only option.(the lion's den): an article from: national catholic reporter
373,the poisonwood bible : a novel
374,how to be a domestic goddess baking &
375,half of a yellow sun
376,hatchet
377,the snow child: a russian folktale
378,anansi boys
379,"hill-billy,"
380,saving alice: a novel
381,the annotated lolita: revised and updated
382,"23 minutes in hell: one man's story about what he saw, heard, and felt in that place of torment"
383,tale of despereaux
384,language of flowers
385,one hundred years of solitude
386,language of flowers -
387,five people you meet in heaven
388,famous stories every child should know
389,fairy tales every child should know
390,fairy tales every child should know
391,secret history
392,a secret history
393,folk tales every child should know
394,dead in the dirt
395,young classics: secret garden
396,lone survivor
397,garden spells
398,signet classic jane austen pride and prejudice
399,watership down - avon #19810
400,in cold blood: a true account of a multiple murder and its consequences
401,lamb
402,"lamb: the gospel according to biff, christ's childhood pal"
403,tenth circle
404,the amplified bible (old and new testaments)
405,the amplified bible: containg the amplified old testament and the amplified new testament
406,darkness visible
407,the shining years
408,one hundred years of solitude [cliffs notes study]
409,one hundred years of solitude
410,pemberley
411,stories of let's pretend
412,the day
413,the remains of the day: (movie tie-in edition)
414,"roll of thunder, hear my cry boxed set"
415,heartfelt ways to say good-bye (heartfelt ways to say...series)
416,"eternity, my beloved (international series)"
417,the reader
418,vorleser
419,everything is illuminated : a novel
420,crawfish dreams (unabridged audiocassettes)
421,the wheels of time
422,along the rim of time: stories
423,the age of miracles
424,east of eden
425,hunted
426,outside of eden: part one
427,ella enchanted
428,the samurai (casca (americana))
429,odd girl out
430,a true blood
431,the messenger
432,lo mejor del feng shui para tu casa ( the best of feng shui for your home ) (spanish edition)
433,mere christianity
434,"domesday book,"
435,the bait
436,doomsday book
437,"c.s. lewis, mere christian"
438,the best of c. s. lewis
439,brothers and sisters
440,reading and responding to literature
441,captivating: unveiling the mystery of a woman's soul
442,the lies of locke lamora
443,the circle
444,assassin's apprentice
445,one tough cowboy : stallion pass (silhouette intimate moments no. 1192)
446,"shepherd psalm, the"
447,i am legend
448,this little church went to market: the church in the age of entertainment
449,captivating: a guided journal: unveiling the mystery of a woman's soul
450,pagan christianity: the origins of our modern church practices
451,i am legend
452,moon called
453,mamm bk historical erotica(tr)
454,east of eden
455,the five love languages: the secret to love that lasts
456,the book of lost things: a novel
457,love in the time of cholera
458,locomotion (new windmills)
459,the rebel's return (lone star country club (unnumbered))
460,"love, time & butter;: the broiling, roasting, baking, deep-fat frying, sauteing, braising, and boiling cook book"
461,weighed & found wanting:
462,goodnight moon
463,final cut pro 2 for macintosh: visual quickpro guide
464,believer's bible commentary
465,"education,"
466,quotations on education
467,speaker for the dead
468,i capture the castle (turtleback school & library binding edition)
469,i capture the castle
470,of mice and men
471,of mice and men
472,albert camus: l'tranger
473,l'tranger
474,amber spyglass (10th anniversary ed)
475,the new underground railroad
476,"call of the wild / everything but anchovies (duets 2-in-1, 49)"
477,we have always lived in the castle
478,we have always lived in the castle
479,the count of monte cristo (cliffs notes)
480,the summoning
481,case histories
482,my utmost for his highest: selections for the year- the golden book of oswald chambers
483,alice's adventures in wonderland & through the looking glass and what alice found there (2 volumes)
484,lewis carroll's alice in wonderland
485,alice's adventures in wonderland
486,alice's adventures in wonderland & through the looking-glass
487,the true story of the 3 little pigs!
488,get out of my mind
489,"garfield at the gym (a golden easy reader, level two, grades 1-2)"
490,out of my mind
491,spider man baseball spider-man: home run! sturdy tab sports series (friendly neighborhood spider-man)
492,out of mind
493,gilead
494,flotsam
495,my life in france
496,coming from behind (isis series)
497,the headmistress (isis general fiction)
498,the picture of dorian gray (the classic collection)
499,"the picture of dorian gray,"
